{"cameraMode":{"drawMode":0,"name":"Shaded","section":"Shading Mode"},"sceneLighting":true,"audioPlay":false,"sceneViewState":{"m_AlwaysRefresh":false,"showFog":true,"showSkybox":false,"showFlares":true,"showImageEffects":true,"showParticleSystems":true,"showVisualEffectGraphs":true,"m_FxEnabled":true},"in2DMode":false,"pivot":{"x":10.599615097045899,"y":3.7618329524993898,"z":2.0110175609588625},"rotation":{"x":0.003389656776562333,"y":0.993799090385437,"z":-0.10655272752046585,"w":0.03161437436938286},"size":2.5651307106018068,"orthographic":false}