{"cameraMode":{"drawMode":0,"name":"Shaded","section":"Shading Mode"},"sceneLighting":true,"audioPlay":false,"sceneViewState":{"m_AlwaysRefresh":false,"showFog":true,"showSkybox":false,"showFlares":true,"showImageEffects":true,"showParticleSystems":true,"showVisualEffectGraphs":true,"m_FxEnabled":true},"in2DMode":false,"pivot":{"x":-2.507739782333374,"y":1.9057526588439942,"z":-1.0975193977355958},"rotation":{"x":0.00019827528740279377,"y":0.9997299313545227,"z":-0.02130739949643612,"w":0.009298666380345822},"size":3.451115369796753,"orthographic":false}