{"cameraMode":{"drawMode":0,"name":"Shaded","section":"Shading Mode"},"sceneLighting":true,"audioPlay":false,"sceneViewState":{"m_AlwaysRefresh":false,"showFog":true,"showSkybox":false,"showFlares":true,"showImageEffects":true,"showParticleSystems":true,"showVisualEffectGraphs":true,"m_FxEnabled":true},"in2DMode":false,"pivot":{"x":0.5517835021018982,"y":0.568340539932251,"z":2.846163034439087},"rotation":{"x":-0.1525491178035736,"y":-0.045348163694143298,"z":0.007007333915680647,"w":-0.9872305989265442},"size":2.259458541870117,"orthographic":false}