{"cameraMode":{"drawMode":0,"name":"Shaded","section":"Shading Mode"},"sceneLighting":false,"audioPlay":false,"sceneViewState":{"m_AlwaysRefresh":false,"showFog":true,"showSkybox":false,"showFlares":true,"showImageEffects":true,"showParticleSystems":true,"showVisualEffectGraphs":true,"m_FxEnabled":true},"in2DMode":false,"pivot":{"x":0.30716848373413088,"y":-0.128684401512146,"z":1.4784069061279297},"rotation":{"x":-0.19248953461647035,"y":-0.4854084253311157,"z":0.11049004644155503,"w":-0.8456485867500305},"size":1.6204726696014405,"orthographic":false}