{"cameraMode":{"drawMode":0,"name":"Shaded","section":"Shading Mode"},"sceneLighting":true,"audioPlay":false,"sceneViewState":{"m_AlwaysRefresh":false,"showFog":true,"showSkybox":false,"showFlares":true,"showImageEffects":true,"showParticleSystems":true,"showVisualEffectGraphs":true,"m_FxEnabled":true},"in2DMode":false,"pivot":{"x":0.8693931102752686,"y":1.9530997276306153,"z":1.680290937423706},"rotation":{"x":0.008105544373393059,"y":0.9915692806243897,"z":-0.10330580919981003,"w":0.0777999758720398},"size":3.7074410915374758,"orthographic":false}