{"cameraMode":{"drawMode":0,"name":"Shaded","section":"Shading Mode"},"sceneLighting":true,"audioPlay":false,"sceneViewState":{"m_AlwaysRefresh":false,"showFog":true,"showSkybox":true,"showFlares":true,"showImageEffects":true,"showParticleSystems":true,"showVisualEffectGraphs":true,"m_FxEnabled":true},"in2DMode":false,"pivot":{"x":-0.2660207152366638,"y":-0.2964383363723755,"z":0.9605441689491272},"rotation":{"x":-0.20860955119132996,"y":0.037556830793619159,"z":-0.008017054758965969,"w":-0.9772468209266663},"size":0.6696028709411621,"orthographic":false}