{"cameraMode":{"drawMode":0,"name":"Shaded","section":"Shading Mode"},"sceneLighting":true,"audioPlay":false,"sceneViewState":{"m_AlwaysRefresh":false,"showFog":true,"showSkybox":false,"showFlares":true,"showImageEffects":true,"showParticleSystems":true,"showVisualEffectGraphs":true,"m_FxEnabled":true},"in2DMode":false,"pivot":{"x":8.234640121459961,"y":2.8578438758850099,"z":2.06069278717041},"rotation":{"x":0.0027705274987965824,"y":0.9970402121543884,"z":-0.04370800033211708,"w":0.06319810450077057},"size":2.5582633018493654,"orthographic":false}